Abigail,19,F,3846822,Abi@gmail.com
Leonardo,19,M,8648642,leonardo@gmail.com
Joshua,19,M,43648299,joshua@gmail.com
Hazael,25,M,3527811,Hazael@gmail.com
Alejandro,20,M,47392622,ale@gmail.com
Wendy,20,F,6352729272,wendy@gmail.com
Ivan,23,M,472836822,ivan@gmail.com
Karla,30,F,225326282,karla@gmail.com
Moises,24,M,26282622,moi@gmail.com
oscar,15,M,72682628,oscar@gmail.com
pepe,22,M,8262262,pepe@gmail.com
Gusito,6,M,6376228,gus@gmail.com
Draco,7,M,37252827,draco@gmail.com
Morita,3,F,37286282,mori@gmail.com
Tobi,16,M,2668268,tobi@gmail.com
